categories_list,product,review_count,avg_rating,pos_ratio
 audio player accessories,"retail brand XYZ brand Tv,,,_x000D_
retail brand XYZ brand Tv,,,",2526,4.650039588281868,0.8416468725257323
 audio player accessories,"electonics brand Home_x000D_
electonics brand Home",2100,4.693333333333333,0.8738095238095238
 audio player accessories,"
electonics brand Home",798,4.637844611528822,0.8709273182957393
 audio player accessories,"retail brand Tap Portable Bluetooth and Wi-Fi Speaker - Black,,,_x000D_
retail brand Tap Portable Bluetooth and Wi-Fi Speaker - Black,,,",317,4.728706624605678,0.8769716088328076
 audio player accessories,"retail brand XYZ brand Hd 10 Tablet, Wi-Fi, 16 Gb, Special Offers - Silver Aluminum,,,_x000D_
retail brand XYZ brand Hd 10 Tablet, Wi-Fi, 16 Gb, Special Offers - Silver Aluminum,,,",128,4.7734375,0.8984375
 garage & office,"retail brand XYZ brand Tv,,,_x000D_
retail brand XYZ brand Tv,,,",2526,4.650039588281868,0.8416468725257323
 garage & office,"electonics brand Home_x000D_
electonics brand Home",2100,4.693333333333333,0.8738095238095238
 garage & office,"
electonics brand Home",798,4.637844611528822,0.8709273182957393
 garage & office,"retail brand Tap Portable Bluetooth and Wi-Fi Speaker - Black,,,_x000D_
retail brand Tap Portable Bluetooth and Wi-Fi Speaker - Black,,,",317,4.728706624605678,0.8769716088328076
 garage & office,"retail brand XYZ brand Hd 10 Tablet, Wi-Fi, 16 Gb, Special Offers - Silver Aluminum,,,_x000D_
retail brand XYZ brand Hd 10 Tablet, Wi-Fi, 16 Gb, Special Offers - Silver Aluminum,,,",128,4.7734375,0.8984375
 movies,"XYZ brand Tablet, 7 Display, Wi-Fi, 8 GB - Includes Special Offers, Magenta",10750,4.451720930232558,0.8255813953488372
 movies,"Brand New electronics brand IPad16gb 7 Ips Display Tablet Wifi 16 Gb Blue,,,",173,4.595375722543353,0.8034682080924855
 movies,"retail brand - brand name Voyage - 4GB - Wi-Fi + 3G - Black,,,_x000D_
retail brand - brand name Voyage - 4GB - Wi-Fi + 3G - Black,,,",24,4.708333333333333,0.875
 movies,"XYZ brand HD 8 Tablet with Alexa, 8 HD Display, 16 GB, Tangerine - with Special Offers,",6,4.666666666666667,0.8333333333333334
 movies,"XYZ brand Tablet, 7 Display, Wi-Fi, 8 GB - Includes Special Offers, Black",6,4.833333333333333,1.0
 music,"XYZ brand Tablet, 7 Display, Wi-Fi, 8 GB - Includes Special Offers, Magenta",10750,4.451720930232558,0.8255813953488372
 music,"Brand New electronics brand IPad16gb 7 Ips Display Tablet Wifi 16 Gb Blue,,,",173,4.595375722543353,0.8034682080924855
 music,"retail brand - brand name Voyage - 4GB - Wi-Fi + 3G - Black,,,_x000D_
retail brand - brand name Voyage - 4GB - Wi-Fi + 3G - Black,,,",24,4.708333333333333,0.875
 music,"XYZ brand HD 8 Tablet with Alexa, 8 HD Display, 16 GB, Tangerine - with Special Offers,",6,4.666666666666667,0.8333333333333334
 music,"XYZ brand Tablet, 7 Display, Wi-Fi, 8 GB - Includes Special Offers, Black",6,4.833333333333333,1.0
 tech toys,"XYZ brand Tablet, 7 Display, Wi-Fi, 8 GB - Includes Special Offers, Magenta",10750,4.451720930232558,0.8255813953488372
 tech toys,"Brand New electronics brand IPad16gb 7 Ips Display Tablet Wifi 16 Gb Blue,,,",173,4.595375722543353,0.8034682080924855
 tech toys,"retail brand - brand name Voyage - 4GB - Wi-Fi + 3G - Black,,,_x000D_
retail brand - brand name Voyage - 4GB - Wi-Fi + 3G - Black,,,",24,4.708333333333333,0.875
 tech toys,"XYZ brand HD 8 Tablet with Alexa, 8 HD Display, 16 GB, Tangerine - with Special Offers,",6,4.666666666666667,0.8333333333333334
 tech toys,"XYZ brand Tablet, 7 Display, Wi-Fi, 8 GB - Includes Special Offers, Black",6,4.833333333333333,1.0
 wi-fi  3g (unlocked...,"brand name Voyage E-reader, 6 High-Resolution Display (300 ppi) with Adaptive Built-in Light, PagePress Sensors, Wi-Fi - Includes Special Offers,",332,4.716867469879518,0.8554216867469879
 wi-fi  3g (unlocked...,"retail brand XYZ brand Hd 8 8in Tablet 16gb Black B018szt3bk 6th Gen (2016) Android,,,_x000D_
retail brand XYZ brand Hd 8 8in Tablet 16gb Black B018szt3bk 6th Gen (2016) Android,,,",134,4.7388059701492535,0.8432835820895522
 wi-fi  3g (unlocked...,"XYZ brand Tablet, 7 Display, Wi-Fi, 8 GB - Includes Special Offers, Black",49,4.816326530612245,0.9183673469387755
 wi-fi  3g (unlocked...,"brand name Paperwhite E-reader - White, 6 High-Resolution Display (300 ppi) with Built-in Light, Wi-Fi - Includes Special Offers,,",30,4.533333333333333,0.9
 wi-fi  3g (unlocked...,"brand name Paperwhite,,,_x000D_
brand name Paperwhite,,,",9,4.888888888888889,1.0
alarms & sensors,"retail brand XYZ brand Tv,,,_x000D_
retail brand XYZ brand Tv,,,",2526,4.650039588281868,0.8416468725257323
alarms & sensors,"electonics brand Home_x000D_
electonics brand Home",2100,4.693333333333333,0.8738095238095238
alarms & sensors,"
electonics brand Home",798,4.637844611528822,0.8709273182957393
alarms & sensors,"retail brand Tap Portable Bluetooth and Wi-Fi Speaker - Black,,,_x000D_
retail brand Tap Portable Bluetooth and Wi-Fi Speaker - Black,,,",317,4.728706624605678,0.8769716088328076
alarms & sensors,"retail brand XYZ brand Hd 10 Tablet, Wi-Fi, 16 Gb, Special Offers - Silver Aluminum,,,_x000D_
retail brand XYZ brand Hd 10 Tablet, Wi-Fi, 16 Gb, Special Offers - Silver Aluminum,,,",128,4.7734375,0.8984375
all tablets,"XYZ brand Tablet, 7 Display, Wi-Fi, 8 GB - Includes Special Offers, Magenta",10961,4.453243317215582,0.825107198248335
all tablets,"electronics brand product name Tablet A 10.1 Tablet, 8 HD Display, Wi-Fi, 16 GB - Includes Special Offers, Magenta",2814,4.5867093105899075,0.8368869936034116
all tablets,"XYZ brand Kids Edition Tablet, 7 Display, Wi-Fi, 16 GB, Green Kid-Proof Case",1679,4.51340083382966,0.8141751042287075
all tablets,"Brand New electronics brand IPad16gb 7 Ips Display Tablet Wifi 16 Gb Blue,,,",973,4.533401849948612,0.8201438848920863
all tablets,"
electonics brand Home",395,4.4481012658227845,0.7772151898734178
all windows tablets,"retail brand brand name Paperwhite - eBook reader - 4 GB - 6 monochrome Paperwhite - touchscreen - Wi-Fi - black,,,",2928,4.771857923497268,0.8545081967213115
all windows tablets,"brand name Voyage E-reader, 6 High-Resolution Display (300 ppi) with Adaptive Built-in Light, PagePress Sensors, Wi-Fi - Includes Special Offers,",248,4.778225806451613,0.8508064516129032
android tablets,"XYZ brand Tablet, 7 Display, Wi-Fi, 8 GB - Includes Special Offers, Magenta",10750,4.451720930232558,0.8255813953488372
android tablets,"Brand New electronics brand IPad16gb 7 Ips Display Tablet Wifi 16 Gb Blue,,,",173,4.595375722543353,0.8034682080924855
android tablets,"retail brand - brand name Voyage - 4GB - Wi-Fi + 3G - Black,,,_x000D_
retail brand - brand name Voyage - 4GB - Wi-Fi + 3G - Black,,,",24,4.708333333333333,0.875
android tablets,"XYZ brand HD 8 Tablet with Alexa, 8 HD Display, 16 GB, Tangerine - with Special Offers,",6,4.666666666666667,0.8333333333333334
android tablets,"brand name Oasis E-reader with Leather Charging Cover - Black, 6 High-Resolution Display (300 ppi), Wi-Fi - Includes Special Offers,,",6,3.8333333333333335,0.6666666666666666
audio,"retail brand XYZ brand Tv,,,_x000D_
retail brand XYZ brand Tv,,,",2526,4.650039588281868,0.8416468725257323
audio,"electonics brand Home_x000D_
electonics brand Home",2100,4.693333333333333,0.8738095238095238
audio,"
electonics brand Home",798,4.637844611528822,0.8709273182957393
audio,"retail brand Tap Portable Bluetooth and Wi-Fi Speaker - Black,,,_x000D_
retail brand Tap Portable Bluetooth and Wi-Fi Speaker - Black,,,",317,4.728706624605678,0.8769716088328076
audio,"retail brand XYZ brand Hd 10 Tablet, Wi-Fi, 16 Gb, Special Offers - Silver Aluminum,,,_x000D_
retail brand XYZ brand Hd 10 Tablet, Wi-Fi, 16 Gb, Special Offers - Silver Aluminum,,,",128,4.7734375,0.8984375
audio docks & mini speakers,"retail brand XYZ brand Tv,,,_x000D_
retail brand XYZ brand Tv,,,",2526,4.650039588281868,0.8416468725257323
audio docks & mini speakers,"electonics brand Home_x000D_
electonics brand Home",2100,4.693333333333333,0.8738095238095238
audio docks & mini speakers,"
electonics brand Home",798,4.637844611528822,0.8709273182957393
audio docks & mini speakers,"retail brand Tap Portable Bluetooth and Wi-Fi Speaker - Black,,,_x000D_
retail brand Tap Portable Bluetooth and Wi-Fi Speaker - Black,,,",317,4.728706624605678,0.8769716088328076
audio docks & mini speakers,"retail brand XYZ brand Hd 10 Tablet, Wi-Fi, 16 Gb, Special Offers - Silver Aluminum,,,_x000D_
retail brand XYZ brand Hd 10 Tablet, Wi-Fi, 16 Gb, Special Offers - Silver Aluminum,,,",128,4.7734375,0.8984375
book accessories,"retail brand brand name Paperwhite - eBook reader - 4 GB - 6 monochrome Paperwhite - touchscreen - Wi-Fi - black,,,",2928,4.771857923497268,0.8545081967213115
book accessories,"brand name Voyage E-reader, 6 High-Resolution Display (300 ppi) with Adaptive Built-in Light, PagePress Sensors, Wi-Fi - Includes Special Offers,",248,4.778225806451613,0.8508064516129032
books & magazines,"retail brand brand name Paperwhite - eBook reader - 4 GB - 6 monochrome Paperwhite - touchscreen - Wi-Fi - black,,,",2928,4.771857923497268,0.8545081967213115
books & magazines,"brand name Voyage E-reader, 6 High-Resolution Display (300 ppi) with Adaptive Built-in Light, PagePress Sensors, Wi-Fi - Includes Special Offers,",248,4.778225806451613,0.8508064516129032
brand name (5th generation) accessories,"brand name Keyboard,,,_x000D_
brand name Keyboard,,,",2,4.5,0.0
brand name (5th generation) accessories,"retail brand brand name Lighted Leather Cover,,,
retail brand brand name Lighted Leather Cover,,,",1,4.0,0.0
brand name (5th generation) accessories,"retail brand brand name Lighted Leather Cover,,,_x000D_
brand name Keyboard,,,",1,4.0,1.0
brand name (5th generation) accessories,"retail brand brand name Lighted Leather Cover,,,_x000D_
retail brand brand name Lighted Leather Cover,,,",1,3.0,0.0
brand name (5th generation) covers,"brand name Keyboard,,,_x000D_
brand name Keyboard,,,",2,4.5,0.0
brand name (5th generation) covers,"retail brand brand name Lighted Leather Cover,,,
retail brand brand name Lighted Leather Cover,,,",1,4.0,0.0
brand name (5th generation) covers,"retail brand brand name Lighted Leather Cover,,,_x000D_
brand name Keyboard,,,",1,4.0,1.0
brand name (5th generation) covers,"retail brand brand name Lighted Leather Cover,,,_x000D_
retail brand brand name Lighted Leather Cover,,,",1,3.0,0.0
brand name e-reader accessories,"retail brand 5W USB Official OEM Charger and Power Adapter for XYZ brand Tablets and brand name eReaders,,,_x000D_
retail brand 5W USB Official OEM Charger and Power Adapter for XYZ brand Tablets and brand name eReaders,,,",188,4.452127659574468,0.7659574468085106
brand name e-reader accessories,"XYZ brand Kids Edition Tablet, 7 Display, Wi-Fi, 16 GB, Green Kid-Proof Case",6,3.6666666666666665,0.5
brand name e-reader accessories,"brand name Keyboard,,,_x000D_
brand name Keyboard,,,",2,4.5,0.0
brand name e-reader accessories,"retail brand brand name Lighted Leather Cover,,,
retail brand brand name Lighted Leather Cover,,,",1,4.0,0.0
brand name e-reader accessories,"retail brand brand name Lighted Leather Cover,,,_x000D_
brand name Keyboard,,,",1,4.0,1.0
brand name e-readers,"retail brand brand name Paperwhite - eBook reader - 4 GB - 6 monochrome Paperwhite - touchscreen - Wi-Fi - black,,,",2928,4.771857923497268,0.8545081967213115
brand name e-readers,"brand name Voyage E-reader, 6 High-Resolution Display (300 ppi) with Adaptive Built-in Light, PagePress Sensors, Wi-Fi - Includes Special Offers,",580,4.743103448275862,0.853448275862069
brand name e-readers,"XYZ brand Tablet, 7 Display, Wi-Fi, 8 GB - Includes Special Offers, Magenta",211,4.530805687203792,0.8009478672985783
brand name e-readers,"retail brand XYZ brand Hd 8 8in Tablet 16gb Black B018szt3bk 6th Gen (2016) Android,,,_x000D_
retail brand XYZ brand Hd 8 8in Tablet 16gb Black B018szt3bk 6th Gen (2016) Android,,,",134,4.7388059701492535,0.8432835820895522
brand name e-readers,"brand name Oasis E-reader with Leather Charging Cover - Merlot, 6 High-Resolution Display (300 ppi), Wi-Fi - Includes Special Offers,,",67,4.611940298507463,0.7910447761194029
brand name paperwhite accessories,"retail brand 5W USB Official OEM Charger and Power Adapter for XYZ brand Tablets and brand name eReaders,,,_x000D_
retail brand 5W USB Official OEM Charger and Power Adapter for XYZ brand Tablets and brand name eReaders,,,",188,4.452127659574468,0.7659574468085106
brand name paperwhite accessories,"retail brand brand name XYZ brand Hd (3rd Generation) 8gb,,,_x000D_
retail brand brand name XYZ brand Hd (3rd Generation) 8gb,,,",1,4.0,0.0
brand name store,"retail brand XYZ brand Tv,,,_x000D_
retail brand XYZ brand Tv,,,",2526,4.650039588281868,0.8416468725257323
brand name store,"electonics brand Home_x000D_
electonics brand Home",2100,4.693333333333333,0.8738095238095238
brand name store,"
electonics brand Home",798,4.637844611528822,0.8709273182957393
brand name store,"retail brand Tap Portable Bluetooth and Wi-Fi Speaker - Black,,,_x000D_
retail brand Tap Portable Bluetooth and Wi-Fi Speaker - Black,,,",317,4.728706624605678,0.8769716088328076
brand name store,"retail brand 5W USB Official OEM Charger and Power Adapter for XYZ brand Tablets and brand name eReaders,,,_x000D_
retail brand 5W USB Official OEM Charger and Power Adapter for XYZ brand Tablets and brand name eReaders,,,",195,4.461538461538462,0.7743589743589744
brand name touch (4th generation) accessories,"XYZ brand Kids Edition Tablet, 7 Display, Wi-Fi, 16 GB, Green Kid-Proof Case",6,3.6666666666666665,0.5
brand name touch (4th generation) covers,"XYZ brand Kids Edition Tablet, 7 Display, Wi-Fi, 16 GB, Green Kid-Proof Case",6,3.6666666666666665,0.5
cases & bags,"XYZ brand Tablet, 7 Display, Wi-Fi, 8 GB - Includes Special Offers, Black",6,4.833333333333333,1.0
categories,"XYZ brand Tablet, 7 Display, Wi-Fi, 8 GB - Includes Special Offers, Black",19,4.578947368421052,0.2631578947368421
categories,"
electonics brand Home",8,3.125,0.25
categories,"Brand New electronics brand IPad16gb 7 Ips Display Tablet Wifi 16 Gb Blue,,,",6,5.0,0.8333333333333334
clearance,"retail brand XYZ brand Tv,,,_x000D_
retail brand XYZ brand Tv,,,",2526,4.650039588281868,0.8416468725257323
clearance,"electonics brand Home_x000D_
electonics brand Home",2100,4.693333333333333,0.8738095238095238
clearance,"
electonics brand Home",798,4.637844611528822,0.8709273182957393
clearance,"retail brand Tap Portable Bluetooth and Wi-Fi Speaker - Black,,,_x000D_
retail brand Tap Portable Bluetooth and Wi-Fi Speaker - Black,,,",317,4.728706624605678,0.8769716088328076
clearance,"retail brand XYZ brand Hd 10 Tablet, Wi-Fi, 16 Gb, Special Offers - Silver Aluminum,,,_x000D_
retail brand XYZ brand Hd 10 Tablet, Wi-Fi, 16 Gb, Special Offers - Silver Aluminum,,,",128,4.7734375,0.8984375
computer accessories,"XYZ brand Tablet, 7 Display, Wi-Fi, 8 GB - Includes Special Offers, Black",6,4.833333333333333,1.0
computer accessories,"Brand New electronics brand IPad16gb 7 Ips Display Tablet Wifi 16 Gb Blue,,,",2,4.5,0.5
computer components,"electronics brand product name Tablet A 10.1 Tablet, 8 HD Display, Wi-Fi, 32 GB - Includes Special Offers, Magenta",146,4.568493150684931,0.7602739726027398
computer components,"XYZ brand HD 8 Tablet with Alexa, 8 HD Display, 32 GB, Tangerine - with Special Offers,",12,4.833333333333333,0.75
computers,"retail brand brand name Paperwhite - eBook reader - 4 GB - 6 monochrome Paperwhite - touchscreen - Wi-Fi - black,,,",2928,4.771857923497268,0.8545081967213115
computers,"Brand New electronics brand IPad16gb 7 Ips Display Tablet Wifi 16 Gb Blue,,,",793,4.515762925598991,0.8234552332912989
computers,"XYZ brand Tablet, 7 Display, Wi-Fi, 8 GB - Includes Special Offers, Magenta",426,4.530805687203792,0.8004694835680751
computers,"
electonics brand Home",395,4.4481012658227845,0.7772151898734178
computers,"XYZ brand Tablet, 7 Display, Wi-Fi, 8 GB - Includes Special Offers, Black",255,4.556862745098039,0.8352941176470589
computers & laptops,"retail brand brand name Paperwhite - eBook reader - 4 GB - 6 monochrome Paperwhite - touchscreen - Wi-Fi - black,,,",2928,4.771857923497268,0.8545081967213115
computers & laptops,"brand name Voyage E-reader, 6 High-Resolution Display (300 ppi) with Adaptive Built-in Light, PagePress Sensors, Wi-Fi - Includes Special Offers,",248,4.778225806451613,0.8508064516129032
computers & tablets,"XYZ brand Tablet, 7 Display, Wi-Fi, 8 GB - Includes Special Offers, Magenta",10961,4.453243317215582,0.825107198248335
computers & tablets,"retail brand brand name Paperwhite - eBook reader - 4 GB - 6 monochrome Paperwhite - touchscreen - Wi-Fi - black,,,",3176,4.755037783375315,0.8513853904282116
computers & tablets,"electronics brand product name Tablet A 10.1 Tablet, 8 HD Display, Wi-Fi, 16 GB - Includes Special Offers, Magenta",2814,4.5867093105899075,0.8368869936034116
computers & tablets,"XYZ brand Kids Edition Tablet, 7 Display, Wi-Fi, 16 GB, Green Kid-Proof Case",1679,4.51340083382966,0.8141751042287075
computers & tablets,"Brand New electronics brand IPad16gb 7 Ips Display Tablet Wifi 16 Gb Blue,,,",1030,4.5504854368932035,0.8213592233009709
consumer electronics,"retail brand XYZ brand Tv,,,_x000D_
retail brand XYZ brand Tv,,,",2526,4.650039588281868,0.8416468725257323
consumer electronics,"electonics brand Home_x000D_
electonics brand Home",2100,4.693333333333333,0.8738095238095238
consumer electronics,"
electonics brand Home",798,4.637844611528822,0.8709273182957393
consumer electronics,"retail brand Tap Portable Bluetooth and Wi-Fi Speaker - Black,,,_x000D_
retail brand Tap Portable Bluetooth and Wi-Fi Speaker - Black,,,",317,4.728706624605678,0.8769716088328076
consumer electronics,"retail brand XYZ brand Hd 10 Tablet, Wi-Fi, 16 Gb, Special Offers - Silver Aluminum,,,_x000D_
retail brand XYZ brand Hd 10 Tablet, Wi-Fi, 16 Gb, Special Offers - Silver Aluminum,,,",128,4.7734375,0.8984375
covers,"XYZ brand Kids Edition Tablet, 7 Display, Wi-Fi, 16 GB, Green Kid-Proof Case",6,3.6666666666666665,0.5
covers,"brand name Keyboard,,,_x000D_
brand name Keyboard,,,",2,4.5,0.0
covers,"retail brand brand name Lighted Leather Cover,,,
retail brand brand name Lighted Leather Cover,,,",1,4.0,0.0
covers,"retail brand brand name Lighted Leather Cover,,,_x000D_
brand name Keyboard,,,",1,4.0,1.0
covers,"retail brand brand name Lighted Leather Cover,,,_x000D_
retail brand brand name Lighted Leather Cover,,,",1,3.0,0.0
e-readers,"retail brand brand name Paperwhite - eBook reader - 4 GB - 6 monochrome Paperwhite - touchscreen - Wi-Fi - black,,,",2928,4.771857923497268,0.8545081967213115
e-readers,"brand name Voyage E-reader, 6 High-Resolution Display (300 ppi) with Adaptive Built-in Light, PagePress Sensors, Wi-Fi - Includes Special Offers,",248,4.778225806451613,0.8508064516129032
e-readers,"XYZ brand Tablet, 7 Display, Wi-Fi, 8 GB - Includes Special Offers, Magenta",211,4.530805687203792,0.8009478672985783
e-readers,"brand name Oasis E-reader with Leather Charging Cover - Merlot, 6 High-Resolution Display (300 ppi), Wi-Fi - Includes Special Offers,,",67,4.611940298507463,0.7910447761194029
e-readers,"Brand New electronics brand IPad16gb 7 Ips Display Tablet Wifi 16 Gb Blue,,,",6,4.666666666666667,0.5
e-readers & accessories,"retail brand brand name Paperwhite - eBook reader - 4 GB - 6 monochrome Paperwhite - touchscreen - Wi-Fi - black,,,",2928,4.771857923497268,0.8545081967213115
e-readers & accessories,"brand name Voyage E-reader, 6 High-Resolution Display (300 ppi) with Adaptive Built-in Light, PagePress Sensors, Wi-Fi - Includes Special Offers,",580,4.743103448275862,0.853448275862069
e-readers & accessories,"XYZ brand Tablet, 7 Display, Wi-Fi, 8 GB - Includes Special Offers, Magenta",211,4.530805687203792,0.8009478672985783
e-readers & accessories,"retail brand XYZ brand Hd 8 8in Tablet 16gb Black B018szt3bk 6th Gen (2016) Android,,,_x000D_
retail brand XYZ brand Hd 8 8in Tablet 16gb Black B018szt3bk 6th Gen (2016) Android,,,",134,4.7388059701492535,0.8432835820895522
e-readers & accessories,"brand name Oasis E-reader with Leather Charging Cover - Merlot, 6 High-Resolution Display (300 ppi), Wi-Fi - Includes Special Offers,,",67,4.611940298507463,0.7910447761194029
ebook readers,"retail brand brand name Paperwhite - eBook reader - 4 GB - 6 monochrome Paperwhite - touchscreen - Wi-Fi - black,,,",2928,4.771857923497268,0.8545081967213115
ebook readers,"brand name Voyage E-reader, 6 High-Resolution Display (300 ppi) with Adaptive Built-in Light, PagePress Sensors, Wi-Fi - Includes Special Offers,",580,4.743103448275862,0.853448275862069
ebook readers,"retail brand XYZ brand Hd 8 8in Tablet 16gb Black B018szt3bk 6th Gen (2016) Android,,,_x000D_
retail brand XYZ brand Hd 8 8in Tablet 16gb Black B018szt3bk 6th Gen (2016) Android,,,",134,4.7388059701492535,0.8432835820895522
ebook readers,"XYZ brand Tablet, 7 Display, Wi-Fi, 8 GB - Includes Special Offers, Black",79,4.734177215189874,0.810126582278481
ebook readers,"brand name Oasis E-reader with Leather Charging Cover - Merlot, 6 High-Resolution Display (300 ppi), Wi-Fi - Includes Special Offers,,",67,4.611940298507463,0.7910447761194029
ebook readers & accessories,"XYZ brand Tablet, 7 Display, Wi-Fi, 8 GB - Includes Special Offers, Black",16,4.5,0.3125
ebook readers & accessories,"XYZ brand Tablet, 7 Display, Wi-Fi, 8 GB - Includes Special Offers, Magenta",4,,0.75
ebook readers & accessories,"brand name Keyboard,,,_x000D_
brand name Keyboard,,,",2,4.5,0.0
ebook readers & accessories,"retail brand brand name Lighted Leather Cover,,,
retail brand brand name Lighted Leather Cover,,,",1,4.0,0.0
ebook readers & accessories,"retail brand brand name Lighted Leather Cover,,,_x000D_
brand name Keyboard,,,",1,4.0,1.0
electronics,"XYZ brand Tablet, 7 Display, Wi-Fi, 8 GB - Includes Special Offers, Magenta",21715,4.452489521440745,0.8253281142067695
electronics,"retail brand brand name Paperwhite - eBook reader - 4 GB - 6 monochrome Paperwhite - touchscreen - Wi-Fi - black,,,",2928,4.771857923497268,0.8545081967213115
electronics,"electronics brand product name Tablet A 10.1 Tablet, 8 HD Display, Wi-Fi, 16 GB - Includes Special Offers, Magenta",2814,4.5867093105899075,0.8368869936034116
electronics,"retail brand XYZ brand Tv,,,_x000D_
retail brand XYZ brand Tv,,,",2526,4.650039588281868,0.8416468725257323
electronics,"electonics brand Home_x000D_
electonics brand Home",2100,4.693333333333333,0.8738095238095238
electronics features,"retail brand brand name Paperwhite - eBook reader - 4 GB - 6 monochrome Paperwhite - touchscreen - Wi-Fi - black,,,",2928,4.771857923497268,0.8545081967213115
electronics features,"retail brand XYZ brand Tv,,,_x000D_
retail brand XYZ brand Tv,,,",2526,4.650039588281868,0.8416468725257323
electronics features,"electonics brand Home_x000D_
electonics brand Home",2100,4.693333333333333,0.8738095238095238
electronics features,"
electonics brand Home",1170,4.57008547008547,0.8401709401709402
electronics features,"brand name Voyage E-reader, 6 High-Resolution Display (300 ppi) with Adaptive Built-in Light, PagePress Sensors, Wi-Fi - Includes Special Offers,",580,4.743103448275862,0.853448275862069
ereaders,"retail brand brand name Paperwhite - eBook reader - 4 GB - 6 monochrome Paperwhite - touchscreen - Wi-Fi - black,,,",2928,4.771857923497268,0.8545081967213115
ereaders,"brand name Voyage E-reader, 6 High-Resolution Display (300 ppi) with Adaptive Built-in Light, PagePress Sensors, Wi-Fi - Includes Special Offers,",248,4.778225806451613,0.8508064516129032
ereaders & accessories,"Brand New electronics brand IPad16gb 7 Ips Display Tablet Wifi 16 Gb Blue,,,",2,4.5,0.5
featured brands,"retail brand XYZ brand Tv,,,_x000D_
retail brand XYZ brand Tv,,,",2526,4.650039588281868,0.8416468725257323
featured brands,"electonics brand Home_x000D_
electonics brand Home",2100,4.693333333333333,0.8738095238095238
featured brands,"
electonics brand Home",798,4.637844611528822,0.8709273182957393
featured brands,"retail brand Tap Portable Bluetooth and Wi-Fi Speaker - Black,,,_x000D_
retail brand Tap Portable Bluetooth and Wi-Fi Speaker - Black,,,",317,4.728706624605678,0.8769716088328076
featured brands,"retail brand XYZ brand Hd 10 Tablet, Wi-Fi, 16 Gb, Special Offers - Silver Aluminum,,,_x000D_
retail brand XYZ brand Hd 10 Tablet, Wi-Fi, 16 Gb, Special Offers - Silver Aluminum,,,",128,4.7734375,0.8984375
frys,"XYZ brand Tablet, 7 Display, Wi-Fi, 8 GB - Includes Special Offers, Magenta",10750,4.451720930232558,0.8255813953488372
frys,"Brand New electronics brand IPad16gb 7 Ips Display Tablet Wifi 16 Gb Blue,,,",175,4.594285714285714,0.8
frys,"retail brand - brand name Voyage - 4GB - Wi-Fi + 3G - Black,,,_x000D_
retail brand - brand name Voyage - 4GB - Wi-Fi + 3G - Black,,,",24,4.708333333333333,0.875
frys,"
electonics brand Home",10,4.7,0.9
frys,"XYZ brand HD 8 Tablet with Alexa, 8 HD Display, 16 GB, Tangerine - with Special Offers,",6,4.666666666666667,0.8333333333333334
hard drives & storage,"electronics brand product name Tablet A 10.1 Tablet, 8 HD Display, Wi-Fi, 32 GB - Includes Special Offers, Magenta",146,4.568493150684931,0.7602739726027398
hard drives & storage,"XYZ brand HD 8 Tablet with Alexa, 8 HD Display, 32 GB, Tangerine - with Special Offers,",12,4.833333333333333,0.75
holiday shop,"retail brand XYZ brand Tv,,,_x000D_
retail brand XYZ brand Tv,,,",2526,4.650039588281868,0.8416468725257323
holiday shop,"electonics brand Home_x000D_
electonics brand Home",2100,4.693333333333333,0.8738095238095238
holiday shop,"
electonics brand Home",798,4.637844611528822,0.8709273182957393
holiday shop,"retail brand Tap Portable Bluetooth and Wi-Fi Speaker - Black,,,_x000D_
retail brand Tap Portable Bluetooth and Wi-Fi Speaker - Black,,,",317,4.728706624605678,0.8769716088328076
holiday shop,"retail brand XYZ brand Hd 10 Tablet, Wi-Fi, 16 Gb, Special Offers - Silver Aluminum,,,_x000D_
retail brand XYZ brand Hd 10 Tablet, Wi-Fi, 16 Gb, Special Offers - Silver Aluminum,,,",128,4.7734375,0.8984375
home,"retail brand XYZ brand Tv,,,_x000D_
retail brand XYZ brand Tv,,,",5052,4.650039588281868,0.8416468725257323
home,"electonics brand Home_x000D_
electonics brand Home",4200,4.693333333333333,0.8738095238095238
home,"
electonics brand Home",1596,4.637844611528822,0.8709273182957393
home,"retail brand Tap Portable Bluetooth and Wi-Fi Speaker - Black,,,_x000D_
retail brand Tap Portable Bluetooth and Wi-Fi Speaker - Black,,,",634,4.728706624605678,0.8769716088328076
home,"retail brand XYZ brand Hd 10 Tablet, Wi-Fi, 16 Gb, Special Offers - Silver Aluminum,,,_x000D_
retail brand XYZ brand Hd 10 Tablet, Wi-Fi, 16 Gb, Special Offers - Silver Aluminum,,,",256,4.7734375,0.8984375
home & furniture clearance,"retail brand XYZ brand Tv,,,_x000D_
retail brand XYZ brand Tv,,,",2526,4.650039588281868,0.8416468725257323
home & furniture clearance,"electonics brand Home_x000D_
electonics brand Home",2100,4.693333333333333,0.8738095238095238
home & furniture clearance,"
electonics brand Home",798,4.637844611528822,0.8709273182957393
home & furniture clearance,"retail brand Tap Portable Bluetooth and Wi-Fi Speaker - Black,,,_x000D_
retail brand Tap Portable Bluetooth and Wi-Fi Speaker - Black,,,",317,4.728706624605678,0.8769716088328076
home & furniture clearance,"retail brand XYZ brand Hd 10 Tablet, Wi-Fi, 16 Gb, Special Offers - Silver Aluminum,,,_x000D_
retail brand XYZ brand Hd 10 Tablet, Wi-Fi, 16 Gb, Special Offers - Silver Aluminum,,,",128,4.7734375,0.8984375
home automation,"retail brand XYZ brand Tv,,,_x000D_
retail brand XYZ brand Tv,,,",2526,4.650039588281868,0.8416468725257323
home automation,"electonics brand Home_x000D_
electonics brand Home",2100,4.693333333333333,0.8738095238095238
home automation,"
electonics brand Home",798,4.637844611528822,0.8709273182957393
home automation,"retail brand Tap Portable Bluetooth and Wi-Fi Speaker - Black,,,_x000D_
retail brand Tap Portable Bluetooth and Wi-Fi Speaker - Black,,,",317,4.728706624605678,0.8769716088328076
home automation,"retail brand XYZ brand Hd 10 Tablet, Wi-Fi, 16 Gb, Special Offers - Silver Aluminum,,,_x000D_
retail brand XYZ brand Hd 10 Tablet, Wi-Fi, 16 Gb, Special Offers - Silver Aluminum,,,",128,4.7734375,0.8984375
home improvement,"retail brand XYZ brand Tv,,,_x000D_
retail brand XYZ brand Tv,,,",2526,4.650039588281868,0.8416468725257323
home improvement,"electonics brand Home_x000D_
electonics brand Home",2100,4.693333333333333,0.8738095238095238
home improvement,"
electonics brand Home",798,4.637844611528822,0.8709273182957393
home improvement,"retail brand Tap Portable Bluetooth and Wi-Fi Speaker - Black,,,_x000D_
retail brand Tap Portable Bluetooth and Wi-Fi Speaker - Black,,,",317,4.728706624605678,0.8769716088328076
home improvement,"retail brand XYZ brand Hd 10 Tablet, Wi-Fi, 16 Gb, Special Offers - Silver Aluminum,,,_x000D_
retail brand XYZ brand Hd 10 Tablet, Wi-Fi, 16 Gb, Special Offers - Silver Aluminum,,,",128,4.7734375,0.8984375
home safety & security,"retail brand XYZ brand Tv,,,_x000D_
retail brand XYZ brand Tv,,,",2526,4.650039588281868,0.8416468725257323
home safety & security,"electonics brand Home_x000D_
electonics brand Home",2100,4.693333333333333,0.8738095238095238
home safety & security,"
electonics brand Home",798,4.637844611528822,0.8709273182957393
home safety & security,"retail brand Tap Portable Bluetooth and Wi-Fi Speaker - Black,,,_x000D_
retail brand Tap Portable Bluetooth and Wi-Fi Speaker - Black,,,",317,4.728706624605678,0.8769716088328076
home safety & security,"retail brand XYZ brand Hd 10 Tablet, Wi-Fi, 16 Gb, Special Offers - Silver Aluminum,,,_x000D_
retail brand XYZ brand Hd 10 Tablet, Wi-Fi, 16 Gb, Special Offers - Silver Aluminum,,,",128,4.7734375,0.8984375
home security,"retail brand XYZ brand Tv,,,_x000D_
retail brand XYZ brand Tv,,,",2526,4.650039588281868,0.8416468725257323
home security,"electonics brand Home_x000D_
electonics brand Home",2100,4.693333333333333,0.8738095238095238
home security,"
electonics brand Home",798,4.637844611528822,0.8709273182957393
home security,"retail brand Tap Portable Bluetooth and Wi-Fi Speaker - Black,,,_x000D_
retail brand Tap Portable Bluetooth and Wi-Fi Speaker - Black,,,",317,4.728706624605678,0.8769716088328076
home security,"retail brand XYZ brand Hd 10 Tablet, Wi-Fi, 16 Gb, Special Offers - Silver Aluminum,,,_x000D_
retail brand XYZ brand Hd 10 Tablet, Wi-Fi, 16 Gb, Special Offers - Silver Aluminum,,,",128,4.7734375,0.8984375
ipad & tablets,"XYZ brand Tablet, 7 Display, Wi-Fi, 8 GB - Includes Special Offers, Magenta",10961,4.453243317215582,0.825107198248335
ipad & tablets,"retail brand brand name Paperwhite - eBook reader - 4 GB - 6 monochrome Paperwhite - touchscreen - Wi-Fi - black,,,",2928,4.771857923497268,0.8545081967213115
ipad & tablets,"electronics brand product name Tablet A 10.1 Tablet, 8 HD Display, Wi-Fi, 16 GB - Includes Special Offers, Magenta",2814,4.5867093105899075,0.8368869936034116
ipad & tablets,"brand name Voyage E-reader, 6 High-Resolution Display (300 ppi) with Adaptive Built-in Light, PagePress Sensors, Wi-Fi - Includes Special Offers,",580,4.743103448275862,0.853448275862069
ipad & tablets,"Brand New electronics brand IPad16gb 7 Ips Display Tablet Wifi 16 Gb Blue,,,",173,4.595375722543353,0.8034682080924855
ipads tablets,"XYZ brand Tablet, 7 Display, Wi-Fi, 8 GB - Includes Special Offers, Magenta",211,4.530805687203792,0.8009478672985783
ipads tablets,"retail brand brand name XYZ brand Hd (3rd Generation) 8gb,,,_x000D_
retail brand brand name XYZ brand Hd (3rd Generation) 8gb,,,",1,5.0,1.0
ipod,"retail brand XYZ brand Tv,,,_x000D_
retail brand XYZ brand Tv,,,",2526,4.650039588281868,0.8416468725257323
ipod,"electonics brand Home_x000D_
electonics brand Home",2100,4.693333333333333,0.8738095238095238
ipod,"
electonics brand Home",798,4.637844611528822,0.8709273182957393
ipod,"retail brand Tap Portable Bluetooth and Wi-Fi Speaker - Black,,,_x000D_
retail brand Tap Portable Bluetooth and Wi-Fi Speaker - Black,,,",317,4.728706624605678,0.8769716088328076
ipod,"retail brand XYZ brand Hd 10 Tablet, Wi-Fi, 16 Gb, Special Offers - Silver Aluminum,,,_x000D_
retail brand XYZ brand Hd 10 Tablet, Wi-Fi, 16 Gb, Special Offers - Silver Aluminum,,,",128,4.7734375,0.8984375
kids' tablets,"XYZ brand Tablet, 7 Display, Wi-Fi, 8 GB - Includes Special Offers, Black",6,4.833333333333333,1.0
kitchen & dining features,"retail brand XYZ brand Tv,,,_x000D_
retail brand XYZ brand Tv,,,",2526,4.650039588281868,0.8416468725257323
kitchen & dining features,"electonics brand Home_x000D_
electonics brand Home",2100,4.693333333333333,0.8738095238095238
kitchen & dining features,"
electonics brand Home",798,4.637844611528822,0.8709273182957393
kitchen & dining features,"retail brand Tap Portable Bluetooth and Wi-Fi Speaker - Black,,,_x000D_
retail brand Tap Portable Bluetooth and Wi-Fi Speaker - Black,,,",317,4.728706624605678,0.8769716088328076
kitchen & dining features,"retail brand XYZ brand Hd 10 Tablet, Wi-Fi, 16 Gb, Special Offers - Silver Aluminum,,,_x000D_
retail brand XYZ brand Hd 10 Tablet, Wi-Fi, 16 Gb, Special Offers - Silver Aluminum,,,",128,4.7734375,0.8984375
mazon.co.uk,"XYZ brand Tablet, 7 Display, Wi-Fi, 8 GB - Includes Special Offers, Black",19,4.666666666666667,0.6842105263157895
office,"retail brand brand name Paperwhite - eBook reader - 4 GB - 6 monochrome Paperwhite - touchscreen - Wi-Fi - black,,,",2928,4.771857923497268,0.8545081967213115
office,"brand name Voyage E-reader, 6 High-Resolution Display (300 ppi) with Adaptive Built-in Light, PagePress Sensors, Wi-Fi - Includes Special Offers,",248,4.778225806451613,0.8508064516129032
office electronics,"retail brand brand name Paperwhite - eBook reader - 4 GB - 6 monochrome Paperwhite - touchscreen - Wi-Fi - black,,,",2928,4.771857923497268,0.8545081967213115
office electronics,"brand name Voyage E-reader, 6 High-Resolution Display (300 ppi) with Adaptive Built-in Light, PagePress Sensors, Wi-Fi - Includes Special Offers,",580,4.743103448275862,0.853448275862069
office electronics,"retail brand XYZ brand Hd 8 8in Tablet 16gb Black B018szt3bk 6th Gen (2016) Android,,,_x000D_
retail brand XYZ brand Hd 8 8in Tablet 16gb Black B018szt3bk 6th Gen (2016) Android,,,",134,4.7388059701492535,0.8432835820895522
office electronics,"XYZ brand Tablet, 7 Display, Wi-Fi, 8 GB - Includes Special Offers, Black",49,4.816326530612245,0.9183673469387755
office electronics,"brand name Paperwhite E-reader - White, 6 High-Resolution Display (300 ppi) with Built-in Light, Wi-Fi - Includes Special Offers,,",30,4.533333333333333,0.9
pocketbook touch hd 3 e-reader accessories,"All-New PocketBook Touch HD 3 E-reader - Black, 6 Glare-Free Touchscreen Display, Wi-Fi -  Includes Special Offers,,",212,4.429245283018868,0.6792452830188679
pocketbook touch hd 3 paperwhite accessories,"All-New PocketBook Touch HD 3 E-reader - Black, 6 Glare-Free Touchscreen Display, Wi-Fi -  Includes Special Offers,,",212,4.429245283018868,0.6792452830188679
pocketbook touch hd 3 store,"All-New PocketBook Touch HD 3 E-reader - Black, 6 Glare-Free Touchscreen Display, Wi-Fi -  Includes Special Offers,,",212,4.429245283018868,0.6792452830188679
portable audio & headphones,"retail brand XYZ brand Tv,,,_x000D_
retail brand XYZ brand Tv,,,",2526,4.650039588281868,0.8416468725257323
portable audio & headphones,"electonics brand Home_x000D_
electonics brand Home",2100,4.693333333333333,0.8738095238095238
portable audio & headphones,"
electonics brand Home",798,4.637844611528822,0.8709273182957393
portable audio & headphones,"retail brand Tap Portable Bluetooth and Wi-Fi Speaker - Black,,,_x000D_
retail brand Tap Portable Bluetooth and Wi-Fi Speaker - Black,,,",317,4.728706624605678,0.8769716088328076
portable audio & headphones,"retail brand XYZ brand Hd 10 Tablet, Wi-Fi, 16 Gb, Special Offers - Silver Aluminum,,,_x000D_
retail brand XYZ brand Hd 10 Tablet, Wi-Fi, 16 Gb, Special Offers - Silver Aluminum,,,",128,4.7734375,0.8984375
power adapters,"XYZ brand Tablet, 7 Display, Wi-Fi, 8 GB - Includes Special Offers, Black",16,4.5,0.3125
power adapters & cables,"All-New PocketBook Touch HD 3 E-reader - Black, 6 Glare-Free Touchscreen Display, Wi-Fi -  Includes Special Offers,,",212,4.429245283018868,0.6792452830188679
power adapters & cables,"retail brand 5W USB Official OEM Charger and Power Adapter for XYZ brand Tablets and brand name eReaders,,,_x000D_
retail brand 5W USB Official OEM Charger and Power Adapter for XYZ brand Tablets and brand name eReaders,,,",188,4.452127659574468,0.7659574468085106
power adapters & cables,"XYZ brand Tablet, 7 Display, Wi-Fi, 8 GB - Includes Special Offers, Black",16,4.5,0.3125
power adapters & cables,"retail brand brand name XYZ brand Hd (3rd Generation) 8gb,,,_x000D_
retail brand brand name XYZ brand Hd (3rd Generation) 8gb,,,",1,4.0,0.0
remote controls,"retail brand XYZ brand Tv,,,_x000D_
retail brand XYZ brand Tv,,,",2526,4.650039588281868,0.8416468725257323
remote controls,"electonics brand Home_x000D_
electonics brand Home",2100,4.693333333333333,0.8738095238095238
remote controls,"
electonics brand Home",798,4.637844611528822,0.8709273182957393
remote controls,"retail brand Tap Portable Bluetooth and Wi-Fi Speaker - Black,,,_x000D_
retail brand Tap Portable Bluetooth and Wi-Fi Speaker - Black,,,",317,4.728706624605678,0.8769716088328076
remote controls,"retail brand XYZ brand Hd 10 Tablet, Wi-Fi, 16 Gb, Special Offers - Silver Aluminum,,,_x000D_
retail brand XYZ brand Hd 10 Tablet, Wi-Fi, 16 Gb, Special Offers - Silver Aluminum,,,",128,4.7734375,0.8984375
retail brand echo,"retail brand XYZ brand Tv,,,_x000D_
retail brand XYZ brand Tv,,,",2526,4.650039588281868,0.8416468725257323
retail brand echo,"retail brand Tap Portable Bluetooth and Wi-Fi Speaker - Black,,,_x000D_
retail brand Tap Portable Bluetooth and Wi-Fi Speaker - Black,,,",317,4.728706624605678,0.8769716088328076
retail brand echo,"retail brand XYZ brand Hd 10 Tablet, Wi-Fi, 16 Gb, Special Offers - Silver Aluminum,,,_x000D_
retail brand XYZ brand Hd 10 Tablet, Wi-Fi, 16 Gb, Special Offers - Silver Aluminum,,,",128,4.7734375,0.8984375
retail brand echo,"9W PowerFast Official OEM USB Charger and Power Adapter for XYZ brand Tablets and brand name eReaders,,,_x000D_
9W PowerFast Official OEM USB Charger and Power Adapter for XYZ brand Tablets and brand name eReaders,,,",35,4.685714285714286,0.8571428571428571
retail brand echo,"retail brand XYZ brand Hd 6 Standing Protective Case(4th Generation - 2014 Release), Cayenne Red,,,_x000D_
retail brand XYZ brand Hd 6 Standing Protective Case(4th Generation - 2014 Release), Cayenne Red,,,",6,4.833333333333333,1.0
retail brand echo accessories,"retail brand XYZ brand Tv,,,_x000D_
retail brand XYZ brand Tv,,,",2526,4.650039588281868,0.8416468725257323
retail brand echo accessories,"retail brand Tap Portable Bluetooth and Wi-Fi Speaker - Black,,,_x000D_
retail brand Tap Portable Bluetooth and Wi-Fi Speaker - Black,,,",317,4.728706624605678,0.8769716088328076
retail brand echo accessories,"retail brand XYZ brand Hd 10 Tablet, Wi-Fi, 16 Gb, Special Offers - Silver Aluminum,,,_x000D_
retail brand XYZ brand Hd 10 Tablet, Wi-Fi, 16 Gb, Special Offers - Silver Aluminum,,,",128,4.7734375,0.8984375
retail brand echo accessories,"9W PowerFast Official OEM USB Charger and Power Adapter for XYZ brand Tablets and brand name eReaders,,,_x000D_
9W PowerFast Official OEM USB Charger and Power Adapter for XYZ brand Tablets and brand name eReaders,,,",35,4.685714285714286,0.8571428571428571
retail brand echo accessories,"retail brand XYZ brand Hd 6 Standing Protective Case(4th Generation - 2014 Release), Cayenne Red,,,_x000D_
retail brand XYZ brand Hd 6 Standing Protective Case(4th Generation - 2014 Release), Cayenne Red,,,",6,4.833333333333333,1.0
see more retail brand brand name voyage (wi-fi),"retail brand XYZ brand Hd 8 8in Tablet 16gb Black B018szt3bk 6th Gen (2016) Android,,,_x000D_
retail brand XYZ brand Hd 8 8in Tablet 16gb Black B018szt3bk 6th Gen (2016) Android,,,",134,4.7388059701492535,0.8432835820895522
see more retail brand brand name voyage (wi-fi),"XYZ brand Tablet, 7 Display, Wi-Fi, 8 GB - Includes Special Offers, Black",49,4.816326530612245,0.9183673469387755
see more retail brand brand name voyage (wi-fi),"retail brand Echo and XYZ brand TV Power Adapter,,,_x000D_
retail brand Echo and XYZ brand TV Power Adapter,,,",7,5.0,0.8571428571428571
see more retail brand brand name voyage (wi-fi),"retail brand XYZ brand Kids Edition Tablet, 7 Display, Wi-Fi, 16 GB, Blue Kid-Proof Case - Blue",6,4.833333333333333,0.8333333333333334
see more retail brand brand name voyage (wi-fi),"retail brand - XYZ brand 16GB (5th Gen, 2015 Release) - Black,,,_x000D_
retail brand - XYZ brand 16GB (5th Gen, 2015 Release) - Black,,,",4,4.75,1.0
see more retail brand brand name voyage 4gb,"retail brand XYZ brand Hd 8 8in Tablet 16gb Black B018szt3bk 6th Gen (2016) Android,,,_x000D_
retail brand XYZ brand Hd 8 8in Tablet 16gb Black B018szt3bk 6th Gen (2016) Android,,,",134,4.7388059701492535,0.8432835820895522
see more retail brand brand name voyage 4gb,"XYZ brand Tablet, 7 Display, Wi-Fi, 8 GB - Includes Special Offers, Black",49,4.816326530612245,0.9183673469387755
see more retail brand brand name voyage 4gb,"retail brand Echo and XYZ brand TV Power Adapter,,,_x000D_
retail brand Echo and XYZ brand TV Power Adapter,,,",7,5.0,0.8571428571428571
see more retail brand brand name voyage 4gb,"retail brand XYZ brand Kids Edition Tablet, 7 Display, Wi-Fi, 16 GB, Blue Kid-Proof Case - Blue",6,4.833333333333333,0.8333333333333334
see more retail brand brand name voyage 4gb,"retail brand - XYZ brand 16GB (5th Gen, 2015 Release) - Black,,,_x000D_
retail brand - XYZ brand 16GB (5th Gen, 2015 Release) - Black,,,",4,4.75,1.0
see more target brand name voyage (wi-fi),"brand name Voyage E-reader, 6 High-Resolution Display (300 ppi) with Adaptive Built-in Light, PagePress Sensors, Wi-Fi - Includes Special Offers,",332,4.716867469879518,0.8554216867469879
see more target brand name voyage (wi-fi),"brand name Paperwhite E-reader - White, 6 High-Resolution Display (300 ppi) with Built-in Light, Wi-Fi - Includes Special Offers,,",30,4.533333333333333,0.9
see more target brand name voyage (wi-fi),"brand name Paperwhite,,,_x000D_
brand name Paperwhite,,,",9,4.888888888888889,1.0
see more target brand name voyage (wi-fi),"Certified Refurbished electronics brand TV with Alexa Voice Remote,,,_x000D_
Certified Refurbished electronics brand TV with Alexa Voice Remote,,,",4,5.0,0.75
see more target brand name voyage (wi-fi),"Certified Refurbished electronics brand TV Stick (Previous Generation - 1st),,,_x000D_
Certified Refurbished electronics brand TV Stick (Previous Generation - 1st),,,",1,5.0,1.0
see more target brand name voyage 4gb,"brand name Voyage E-reader, 6 High-Resolution Display (300 ppi) with Adaptive Built-in Light, PagePress Sensors, Wi-Fi - Includes Special Offers,",332,4.716867469879518,0.8554216867469879
see more target brand name voyage 4gb,"brand name Paperwhite E-reader - White, 6 High-Resolution Display (300 ppi) with Built-in Light, Wi-Fi - Includes Special Offers,,",30,4.533333333333333,0.9
see more target brand name voyage 4gb,"brand name Paperwhite,,,_x000D_
brand name Paperwhite,,,",9,4.888888888888889,1.0
see more target brand name voyage 4gb,"Certified Refurbished electronics brand TV with Alexa Voice Remote,,,_x000D_
Certified Refurbished electronics brand TV with Alexa Voice Remote,,,",4,5.0,0.75
see more target brand name voyage 4gb,"Certified Refurbished electronics brand TV Stick (Previous Generation - 1st),,,_x000D_
Certified Refurbished electronics brand TV Stick (Previous Generation - 1st),,,",1,5.0,1.0
smart home,"retail brand XYZ brand Tv,,,_x000D_
retail brand XYZ brand Tv,,,",2526,4.650039588281868,0.8416468725257323
smart home,"electonics brand Home_x000D_
electonics brand Home",2100,4.693333333333333,0.8738095238095238
smart home,"
electonics brand Home",798,4.637844611528822,0.8709273182957393
smart home,"retail brand Tap Portable Bluetooth and Wi-Fi Speaker - Black,,,_x000D_
retail brand Tap Portable Bluetooth and Wi-Fi Speaker - Black,,,",317,4.728706624605678,0.8769716088328076
smart home,"retail brand XYZ brand Hd 10 Tablet, Wi-Fi, 16 Gb, Special Offers - Silver Aluminum,,,_x000D_
retail brand XYZ brand Hd 10 Tablet, Wi-Fi, 16 Gb, Special Offers - Silver Aluminum,,,",128,4.7734375,0.8984375
smart home & connected living,"retail brand XYZ brand Tv,,,_x000D_
retail brand XYZ brand Tv,,,",2526,4.650039588281868,0.8416468725257323
smart home & connected living,"electonics brand Home_x000D_
electonics brand Home",2100,4.693333333333333,0.8738095238095238
smart home & connected living,"
electonics brand Home",798,4.637844611528822,0.8709273182957393
smart home & connected living,"retail brand Tap Portable Bluetooth and Wi-Fi Speaker - Black,,,_x000D_
retail brand Tap Portable Bluetooth and Wi-Fi Speaker - Black,,,",317,4.728706624605678,0.8769716088328076
smart home & connected living,"retail brand XYZ brand Hd 10 Tablet, Wi-Fi, 16 Gb, Special Offers - Silver Aluminum,,,_x000D_
retail brand XYZ brand Hd 10 Tablet, Wi-Fi, 16 Gb, Special Offers - Silver Aluminum,,,",128,4.7734375,0.8984375
smart home & home automation devices,"retail brand XYZ brand Tv,,,_x000D_
retail brand XYZ brand Tv,,,",2526,4.650039588281868,0.8416468725257323
smart home & home automation devices,"electonics brand Home_x000D_
electonics brand Home",2100,4.693333333333333,0.8738095238095238
smart home & home automation devices,"
electonics brand Home",798,4.637844611528822,0.8709273182957393
smart home & home automation devices,"retail brand Tap Portable Bluetooth and Wi-Fi Speaker - Black,,,_x000D_
retail brand Tap Portable Bluetooth and Wi-Fi Speaker - Black,,,",317,4.728706624605678,0.8769716088328076
smart home & home automation devices,"retail brand XYZ brand Hd 10 Tablet, Wi-Fi, 16 Gb, Special Offers - Silver Aluminum,,,_x000D_
retail brand XYZ brand Hd 10 Tablet, Wi-Fi, 16 Gb, Special Offers - Silver Aluminum,,,",128,4.7734375,0.8984375
smart hubs,"retail brand XYZ brand Tv,,,_x000D_
retail brand XYZ brand Tv,,,",2526,4.650039588281868,0.8416468725257323
smart hubs,"electonics brand Home_x000D_
electonics brand Home",2100,4.693333333333333,0.8738095238095238
smart hubs,"
electonics brand Home",798,4.637844611528822,0.8709273182957393
smart hubs,"retail brand Tap Portable Bluetooth and Wi-Fi Speaker - Black,,,_x000D_
retail brand Tap Portable Bluetooth and Wi-Fi Speaker - Black,,,",317,4.728706624605678,0.8769716088328076
smart hubs,"retail brand XYZ brand Hd 10 Tablet, Wi-Fi, 16 Gb, Special Offers - Silver Aluminum,,,_x000D_
retail brand XYZ brand Hd 10 Tablet, Wi-Fi, 16 Gb, Special Offers - Silver Aluminum,,,",128,4.7734375,0.8984375
smart hubs & wireless routers,"retail brand XYZ brand Tv,,,_x000D_
retail brand XYZ brand Tv,,,",2526,4.650039588281868,0.8416468725257323
smart hubs & wireless routers,"electonics brand Home_x000D_
electonics brand Home",2100,4.693333333333333,0.8738095238095238
smart hubs & wireless routers,"
electonics brand Home",798,4.637844611528822,0.8709273182957393
smart hubs & wireless routers,"retail brand Tap Portable Bluetooth and Wi-Fi Speaker - Black,,,_x000D_
retail brand Tap Portable Bluetooth and Wi-Fi Speaker - Black,,,",317,4.728706624605678,0.8769716088328076
smart hubs & wireless routers,"retail brand XYZ brand Hd 10 Tablet, Wi-Fi, 16 Gb, Special Offers - Silver Aluminum,,,_x000D_
retail brand XYZ brand Hd 10 Tablet, Wi-Fi, 16 Gb, Special Offers - Silver Aluminum,,,",128,4.7734375,0.8984375
software & books,"Brand New electronics brand IPad16gb 7 Ips Display Tablet Wifi 16 Gb Blue,,,",2,4.5,0.5
speaker systems,"retail brand XYZ brand Tv,,,_x000D_
retail brand XYZ brand Tv,,,",2526,4.650039588281868,0.8416468725257323
speaker systems,"electonics brand Home_x000D_
electonics brand Home",2100,4.693333333333333,0.8738095238095238
speaker systems,"
electonics brand Home",798,4.637844611528822,0.8709273182957393
speaker systems,"retail brand Tap Portable Bluetooth and Wi-Fi Speaker - Black,,,_x000D_
retail brand Tap Portable Bluetooth and Wi-Fi Speaker - Black,,,",317,4.728706624605678,0.8769716088328076
speaker systems,"retail brand XYZ brand Hd 10 Tablet, Wi-Fi, 16 Gb, Special Offers - Silver Aluminum,,,_x000D_
retail brand XYZ brand Hd 10 Tablet, Wi-Fi, 16 Gb, Special Offers - Silver Aluminum,,,",128,4.7734375,0.8984375
stereos,"retail brand XYZ brand Tv,,,_x000D_
retail brand XYZ brand Tv,,,",2526,4.650039588281868,0.8416468725257323
stereos,"electonics brand Home_x000D_
electonics brand Home",2100,4.693333333333333,0.8738095238095238
stereos,"
electonics brand Home",798,4.637844611528822,0.8709273182957393
stereos,"retail brand Tap Portable Bluetooth and Wi-Fi Speaker - Black,,,_x000D_
retail brand Tap Portable Bluetooth and Wi-Fi Speaker - Black,,,",317,4.728706624605678,0.8769716088328076
stereos,"retail brand XYZ brand Hd 10 Tablet, Wi-Fi, 16 Gb, Special Offers - Silver Aluminum,,,_x000D_
retail brand XYZ brand Hd 10 Tablet, Wi-Fi, 16 Gb, Special Offers - Silver Aluminum,,,",128,4.7734375,0.8984375
streaming media players,"
electonics brand Home",8,3.125,0.25
streaming media players,"Brand New electronics brand IPad16gb 7 Ips Display Tablet Wifi 16 Gb Blue,,,",6,5.0,0.8333333333333334
surveillance,"retail brand XYZ brand Tv,,,_x000D_
retail brand XYZ brand Tv,,,",2526,4.650039588281868,0.8416468725257323
surveillance,"electonics brand Home_x000D_
electonics brand Home",2100,4.693333333333333,0.8738095238095238
surveillance,"
electonics brand Home",798,4.637844611528822,0.8709273182957393
surveillance,"retail brand Tap Portable Bluetooth and Wi-Fi Speaker - Black,,,_x000D_
retail brand Tap Portable Bluetooth and Wi-Fi Speaker - Black,,,",317,4.728706624605678,0.8769716088328076
surveillance,"retail brand XYZ brand Hd 10 Tablet, Wi-Fi, 16 Gb, Special Offers - Silver Aluminum,,,_x000D_
retail brand XYZ brand Hd 10 Tablet, Wi-Fi, 16 Gb, Special Offers - Silver Aluminum,,,",128,4.7734375,0.8984375
tablet accessories,"Brand New electronics brand IPad16gb 7 Ips Display Tablet Wifi 16 Gb Blue,,,",2,4.5,0.5
tablet cases covers,"Brand New electronics brand IPad16gb 7 Ips Display Tablet Wifi 16 Gb Blue,,,",2,4.5,0.5
tablets,"XYZ brand Tablet, 7 Display, Wi-Fi, 8 GB - Includes Special Offers, Magenta",10750,4.451720930232558,0.8255813953488372
tablets,"retail brand brand name Paperwhite - eBook reader - 4 GB - 6 monochrome Paperwhite - touchscreen - Wi-Fi - black,,,",3176,4.755037783375315,0.8513853904282116
tablets,"electronics brand product name Tablet A 10.1 Tablet, 8 HD Display, Wi-Fi, 16 GB - Includes Special Offers, Magenta",2814,4.5867093105899075,0.8368869936034116
tablets,"XYZ brand Kids Edition Tablet, 7 Display, Wi-Fi, 16 GB, Green Kid-Proof Case",1679,4.51340083382966,0.8141751042287075
tablets,"Brand New electronics brand IPad16gb 7 Ips Display Tablet Wifi 16 Gb Blue,,,",973,4.533401849948612,0.8201438848920863
tablets & ebook readers,"retail brand brand name Paperwhite - eBook reader - 4 GB - 6 monochrome Paperwhite - touchscreen - Wi-Fi - black,,,",2928,4.771857923497268,0.8545081967213115
tablets & ebook readers,"Brand New electronics brand IPad16gb 7 Ips Display Tablet Wifi 16 Gb Blue,,,",793,4.515762925598991,0.8234552332912989
tablets & ebook readers,"
electonics brand Home",395,4.4481012658227845,0.7772151898734178
tablets & ebook readers,"XYZ brand Tablet, 7 Display, Wi-Fi, 8 GB - Includes Special Offers, Black",249,4.550200803212851,0.8313253012048193
tablets & ebook readers,"brand name Voyage E-reader, 6 High-Resolution Display (300 ppi) with Adaptive Built-in Light, PagePress Sensors, Wi-Fi - Includes Special Offers,",248,4.778225806451613,0.8508064516129032
tablets & ereaders,"retail brand brand name Paperwhite - eBook reader - 4 GB - 6 monochrome Paperwhite - touchscreen - Wi-Fi - black,,,",2928,4.771857923497268,0.8545081967213115
tablets & ereaders,"brand name Voyage E-reader, 6 High-Resolution Display (300 ppi) with Adaptive Built-in Light, PagePress Sensors, Wi-Fi - Includes Special Offers,",248,4.778225806451613,0.8508064516129032
tablets & networking,"retail brand brand name Paperwhite - eBook reader - 4 GB - 6 monochrome Paperwhite - touchscreen - Wi-Fi - black,,,",2928,4.771857923497268,0.8545081967213115
tablets & networking,"Brand New electronics brand IPad16gb 7 Ips Display Tablet Wifi 16 Gb Blue,,,",793,4.515762925598991,0.8234552332912989
tablets & networking,"
electonics brand Home",395,4.4481012658227845,0.7772151898734178
tablets & networking,"XYZ brand Tablet, 7 Display, Wi-Fi, 8 GB - Includes Special Offers, Black",249,4.550200803212851,0.8313253012048193
tablets & networking,"brand name Voyage E-reader, 6 High-Resolution Display (300 ppi) with Adaptive Built-in Light, PagePress Sensors, Wi-Fi - Includes Special Offers,",248,4.778225806451613,0.8508064516129032
target device accessories,"retail brand XYZ brand Tv,,,_x000D_
retail brand XYZ brand Tv,,,",2526,4.650039588281868,0.8416468725257323
target device accessories,"electonics brand Home_x000D_
electonics brand Home",2100,4.693333333333333,0.8738095238095238
target device accessories,"
electonics brand Home",798,4.637844611528822,0.8709273182957393
target device accessories,"retail brand Tap Portable Bluetooth and Wi-Fi Speaker - Black,,,_x000D_
retail brand Tap Portable Bluetooth and Wi-Fi Speaker - Black,,,",317,4.728706624605678,0.8769716088328076
target device accessories,"All-New PocketBook Touch HD 3 E-reader - Black, 6 Glare-Free Touchscreen Display, Wi-Fi -  Includes Special Offers,,",212,4.429245283018868,0.6792452830188679
target devices,"retail brand XYZ brand Tv,,,_x000D_
retail brand XYZ brand Tv,,,",2526,4.650039588281868,0.8416468725257323
target devices,"electonics brand Home_x000D_
electonics brand Home",2100,4.693333333333333,0.8738095238095238
target devices,"
electonics brand Home",798,4.637844611528822,0.8709273182957393
target devices,"retail brand Tap Portable Bluetooth and Wi-Fi Speaker - Black,,,_x000D_
retail brand Tap Portable Bluetooth and Wi-Fi Speaker - Black,,,",317,4.728706624605678,0.8769716088328076
target devices,"retail brand XYZ brand Hd 10 Tablet, Wi-Fi, 16 Gb, Special Offers - Silver Aluminum,,,_x000D_
retail brand XYZ brand Hd 10 Tablet, Wi-Fi, 16 Gb, Special Offers - Silver Aluminum,,,",128,4.7734375,0.8984375
target devices & accessories,"All-New PocketBook Touch HD 3 E-reader - Black, 6 Glare-Free Touchscreen Display, Wi-Fi -  Includes Special Offers,,",212,4.429245283018868,0.6792452830188679
target devices & accessories,"retail brand 5W USB Official OEM Charger and Power Adapter for XYZ brand Tablets and brand name eReaders,,,_x000D_
retail brand 5W USB Official OEM Charger and Power Adapter for XYZ brand Tablets and brand name eReaders,,,",188,4.452127659574468,0.7659574468085106
target devices & accessories,"retail brand brand name XYZ brand Hd (3rd Generation) 8gb,,,_x000D_
retail brand brand name XYZ brand Hd (3rd Generation) 8gb,,,",1,4.0,0.0
target echo,"electonics brand Home_x000D_
electonics brand Home",2100,4.693333333333333,0.8738095238095238
target echo,"
electonics brand Home",798,4.637844611528822,0.8709273182957393
target echo,"brand name Dx Leather Cover, Black (fits 9.7 Display, Latest and 2nd Generation brand name Dxs),,",9,4.777777777777778,1.0
target echo,"retail brand 5W USB Official OEM Charger and Power Adapter for XYZ brand Tablets and brand name eReaders,,,_x000D_
retail brand 5W USB Official OEM Charger and Power Adapter for XYZ brand Tablets and brand name eReaders,,,",7,4.714285714285714,1.0
target echo,"New retail brand brand name XYZ brand Hd 9w Powerfast Adapter Charger + Micro Usb Angle Cable,,,_x000D_
New retail brand brand name XYZ brand Hd 9w Powerfast Adapter Charger + Micro Usb Angle Cable,,,",6,4.166666666666667,0.5
target echo accessories,"electonics brand Home_x000D_
electonics brand Home",2100,4.693333333333333,0.8738095238095238
target echo accessories,"
electonics brand Home",798,4.637844611528822,0.8709273182957393
target echo accessories,"brand name Dx Leather Cover, Black (fits 9.7 Display, Latest and 2nd Generation brand name Dxs),,",9,4.777777777777778,1.0
target echo accessories,"retail brand 5W USB Official OEM Charger and Power Adapter for XYZ brand Tablets and brand name eReaders,,,_x000D_
retail brand 5W USB Official OEM Charger and Power Adapter for XYZ brand Tablets and brand name eReaders,,,",7,4.714285714285714,1.0
target echo accessories,"New retail brand brand name XYZ brand Hd 9w Powerfast Adapter Charger + Micro Usb Angle Cable,,,_x000D_
New retail brand brand name XYZ brand Hd 9w Powerfast Adapter Charger + Micro Usb Angle Cable,,,",6,4.166666666666667,0.5
top rated,"XYZ brand Tablet, 7 Display, Wi-Fi, 8 GB - Includes Special Offers, Black",6,4.833333333333333,1.0
tvs & electronics,"retail brand brand name Paperwhite - eBook reader - 4 GB - 6 monochrome Paperwhite - touchscreen - Wi-Fi - black,,,",2928,4.771857923497268,0.8545081967213115
tvs & electronics,"brand name Voyage E-reader, 6 High-Resolution Display (300 ppi) with Adaptive Built-in Light, PagePress Sensors, Wi-Fi - Includes Special Offers,",248,4.778225806451613,0.8508064516129032
tvs entertainment,"retail brand XYZ brand Tv,,,_x000D_
retail brand XYZ brand Tv,,,",2526,4.650039588281868,0.8416468725257323
tvs entertainment,"electonics brand Home_x000D_
electonics brand Home",2100,4.693333333333333,0.8738095238095238
tvs entertainment,"
electonics brand Home",798,4.637844611528822,0.8709273182957393
tvs entertainment,"retail brand Tap Portable Bluetooth and Wi-Fi Speaker - Black,,,_x000D_
retail brand Tap Portable Bluetooth and Wi-Fi Speaker - Black,,,",317,4.728706624605678,0.8769716088328076
tvs entertainment,"retail brand XYZ brand Hd 10 Tablet, Wi-Fi, 16 Gb, Special Offers - Silver Aluminum,,,_x000D_
retail brand XYZ brand Hd 10 Tablet, Wi-Fi, 16 Gb, Special Offers - Silver Aluminum,,,",128,4.7734375,0.8984375
used:computers accessories,"XYZ brand Tablet, 7 Display, Wi-Fi, 8 GB - Includes Special Offers, Magenta",211,4.530805687203792,0.8009478672985783
used:computers accessories,"retail brand brand name XYZ brand Hd (3rd Generation) 8gb,,,_x000D_
retail brand brand name XYZ brand Hd (3rd Generation) 8gb,,,",1,5.0,1.0
used:tablets,"XYZ brand Tablet, 7 Display, Wi-Fi, 8 GB - Includes Special Offers, Magenta",211,4.530805687203792,0.8009478672985783
used:tablets,"retail brand brand name XYZ brand Hd (3rd Generation) 8gb,,,_x000D_
retail brand brand name XYZ brand Hd (3rd Generation) 8gb,,,",1,5.0,1.0
virtual assistant speakers,"retail brand XYZ brand Tv,,,_x000D_
retail brand XYZ brand Tv,,,",2526,4.650039588281868,0.8416468725257323
virtual assistant speakers,"electonics brand Home_x000D_
electonics brand Home",2100,4.693333333333333,0.8738095238095238
virtual assistant speakers,"
electonics brand Home",798,4.637844611528822,0.8709273182957393
virtual assistant speakers,"retail brand Tap Portable Bluetooth and Wi-Fi Speaker - Black,,,_x000D_
retail brand Tap Portable Bluetooth and Wi-Fi Speaker - Black,,,",317,4.728706624605678,0.8769716088328076
virtual assistant speakers,"retail brand XYZ brand Hd 10 Tablet, Wi-Fi, 16 Gb, Special Offers - Silver Aluminum,,,_x000D_
retail brand XYZ brand Hd 10 Tablet, Wi-Fi, 16 Gb, Special Offers - Silver Aluminum,,,",128,4.7734375,0.8984375
voice assistants,"retail brand XYZ brand Tv,,,_x000D_
retail brand XYZ brand Tv,,,",2526,4.650039588281868,0.8416468725257323
voice assistants,"electonics brand Home_x000D_
electonics brand Home",2100,4.693333333333333,0.8738095238095238
voice assistants,"
electonics brand Home",798,4.637844611528822,0.8709273182957393
voice assistants,"retail brand Tap Portable Bluetooth and Wi-Fi Speaker - Black,,,_x000D_
retail brand Tap Portable Bluetooth and Wi-Fi Speaker - Black,,,",317,4.728706624605678,0.8769716088328076
voice assistants,"retail brand XYZ brand Hd 10 Tablet, Wi-Fi, 16 Gb, Special Offers - Silver Aluminum,,,_x000D_
retail brand XYZ brand Hd 10 Tablet, Wi-Fi, 16 Gb, Special Offers - Silver Aluminum,,,",128,4.7734375,0.8984375
voice-enabled smart assistants,"retail brand XYZ brand Tv,,,_x000D_
retail brand XYZ brand Tv,,,",2526,4.650039588281868,0.8416468725257323
voice-enabled smart assistants,"electonics brand Home_x000D_
electonics brand Home",2100,4.693333333333333,0.8738095238095238
voice-enabled smart assistants,"
electonics brand Home",798,4.637844611528822,0.8709273182957393
voice-enabled smart assistants,"retail brand Tap Portable Bluetooth and Wi-Fi Speaker - Black,,,_x000D_
retail brand Tap Portable Bluetooth and Wi-Fi Speaker - Black,,,",317,4.728706624605678,0.8769716088328076
voice-enabled smart assistants,"retail brand XYZ brand Hd 10 Tablet, Wi-Fi, 16 Gb, Special Offers - Silver Aluminum,,,_x000D_
retail brand XYZ brand Hd 10 Tablet, Wi-Fi, 16 Gb, Special Offers - Silver Aluminum,,,",128,4.7734375,0.8984375
walmart for business,"retail brand brand name Paperwhite - eBook reader - 4 GB - 6 monochrome Paperwhite - touchscreen - Wi-Fi - black,,,",2928,4.771857923497268,0.8545081967213115
walmart for business,"brand name Voyage E-reader, 6 High-Resolution Display (300 ppi) with Adaptive Built-in Light, PagePress Sensors, Wi-Fi - Includes Special Offers,",580,4.743103448275862,0.853448275862069
walmart for business,"retail brand XYZ brand Hd 8 8in Tablet 16gb Black B018szt3bk 6th Gen (2016) Android,,,_x000D_
retail brand XYZ brand Hd 8 8in Tablet 16gb Black B018szt3bk 6th Gen (2016) Android,,,",134,4.7388059701492535,0.8432835820895522
walmart for business,"XYZ brand Tablet, 7 Display, Wi-Fi, 8 GB - Includes Special Offers, Black",49,4.816326530612245,0.9183673469387755
walmart for business,"brand name Paperwhite E-reader - White, 6 High-Resolution Display (300 ppi) with Built-in Light, Wi-Fi - Includes Special Offers,,",30,4.533333333333333,0.9
windows tablets,"retail brand brand name Paperwhite - eBook reader - 4 GB - 6 monochrome Paperwhite - touchscreen - Wi-Fi - black,,,",2928,4.771857923497268,0.8545081967213115
windows tablets,"brand name Voyage E-reader, 6 High-Resolution Display (300 ppi) with Adaptive Built-in Light, PagePress Sensors, Wi-Fi - Includes Special Offers,",248,4.778225806451613,0.8508064516129032
wireless speakers,"retail brand XYZ brand Tv,,,_x000D_
retail brand XYZ brand Tv,,,",2526,4.650039588281868,0.8416468725257323
wireless speakers,"electonics brand Home_x000D_
electonics brand Home",2100,4.693333333333333,0.8738095238095238
wireless speakers,"
electonics brand Home",798,4.637844611528822,0.8709273182957393
wireless speakers,"retail brand Tap Portable Bluetooth and Wi-Fi Speaker - Black,,,_x000D_
retail brand Tap Portable Bluetooth and Wi-Fi Speaker - Black,,,",317,4.728706624605678,0.8769716088328076
wireless speakers,"retail brand XYZ brand Hd 10 Tablet, Wi-Fi, 16 Gb, Special Offers - Silver Aluminum,,,_x000D_
retail brand XYZ brand Hd 10 Tablet, Wi-Fi, 16 Gb, Special Offers - Silver Aluminum,,,",128,4.7734375,0.8984375
xyz brand tablets,"XYZ brand Tablet, 7 Display, Wi-Fi, 8 GB - Includes Special Offers, Magenta",10750,4.451720930232558,0.8255813953488372
xyz brand tablets,"electronics brand product name Tablet A 10.1 Tablet, 8 HD Display, Wi-Fi, 16 GB - Includes Special Offers, Magenta",2814,4.5867093105899075,0.8368869936034116
xyz brand tablets,"XYZ brand Kids Edition Tablet, 7 Display, Wi-Fi, 16 GB, Green Kid-Proof Case",1437,4.521920668058455,0.8211551844119693
xyz brand tablets,"
electonics brand Home",395,4.4481012658227845,0.7772151898734178
xyz brand tablets,"XYZ brand Tablet, 7 Display, Wi-Fi, 8 GB - Includes Special Offers, Black",255,4.556862745098039,0.8352941176470589
xyz brand tv,"XYZ brand Tablet, 7 Display, Wi-Fi, 8 GB - Includes Special Offers, Black",3,5.0,0.0
xyz brand tv accessories,"XYZ brand Tablet, 7 Display, Wi-Fi, 8 GB - Includes Special Offers, Black",16,4.5,0.3125
